organisasjonsnummer,navn
812587412,820 GRADER
815912292,8360 PRODUKSJONER AS
817078192,84/4 FUSKEFJELL AS
818166532,8.MARS KOMITEEN I HAUGESUND
826422432,8AHOLDING AS
829097222,8TH AVENUE AS
829168162,8.MARS INITIATIVET - BØMLO
829445042,8-MARS-KOMITEEN I KONGSVINGER
832176052,8762 GAGNI AS
913364945,8 INVEST AS
913408519,8. OSLO ROMSÅS SPEIDERGRUPPE
913445678,80:20 PROCUREMENT SERVICES AS
913910613,8-BIT MACHINERY AS
915606253,8-BITS AS
916552890,8. MARS I TRONDHEIM
916645856,8046 TERESA BORGERSEN
918370471,8-BIT HOLDING AS
918502645,8. MARS INITIATIVET I BERGEN
919081430,830 HOLDING AS
919117257,853 JENSSEN TAXI
919480653,82BITS AS
920375391,8310 KABELVÅG AS
920759211,8.2 CONSULTING AG
920793940,8.2 CONSULTING AG
921354940,8.2 OBST & HAMM GMBH
921362625,8.2 OBST & HAMM GMBH
922144311,8.MARS KOMITEEN DRAMMEN
922336946,8373 CAFE AS
922337136,8.MARSKOMITEEN PÅ TINGVOLL
922346208,8 HØYRE AS
922361754,8 FISH SUSHI AS
922660603,8. MARS SUNNDAL
922756392,8.2 JEMTERGI AB
922945225,8.2 JEMTERGI AB
923158375,8 SEASONS AS
923558268,8.MARS I LEVANGER
923834184,8 FJELL HOLDING AS
924014903,8. MARSKOMITEEN BRYNE
924364076,8.MARS-KOMITEEN KRISTIANSAND
925048607,88-KULLET PÅ SIGGERUD
925244112,8800 SANDNESSJØEN BOWLINGKLUBB
925331015,8 RENOVERING AS
925787248,8010 MARINA APT AS
925894958,8. ETASJE HOLDING AS
926278339,8 LAG KUNSTFORENING
926279033,8.2 SACHVERSTÄNDIGENBÜRO MORDHORST KIEL
926346709,8.2 SACHVERSTÄNDIGENBÜRO MORDHORST KIEL
926640186,8 BY IJ T. HIVAND
926725343,83 INVEST AS
926741594,8. MARS-KOMITEEN I ARENDAL
926783025,8 FJELL EIENDOM AS
927117398,80 CAPITAL AS
927182831,8280 KJØPSVIK DA
927198088,8353 MORTSUND AS
928049515,813MOTORSPORT AS
928177068,8'ERN AS
928222217,8530 KREATIVITETEN
928855813,8LANCO HVIDE
928858995,885 INVEST AS
928879100,888 HOLDING AS
928944972,8COM ADVENTURES AS
929023692,8310 HOLDING AS
929182219,8. MARSKOMITEEN I GRENLAND
929291883,8. MARS - TØNSBERG
929478614,8627 WORLD IGOR BJELI
929624432,8586 SUSHI & ASIAN KITCHEN AS
929624483,8586 SUSHI & WOK AS
929662172,808SZN JOHANSEN
929739752,8AM DESIGN AS
929816161,"88-7 TEIGLAND, TONELILL MATHISEN"
930055441,8. MARSKOMITEEN I MANDAL
930194859,84C PRODUCTION STUDENTBEDRIFT
930198145,888 JOSTEIN SIRISAI SKAALE
930484458,8 MARSKOMITEEN SULDAL
930640042,8627 HOSTEL SORTLNAD IGOR BJELI
930828793,8X8 UK LIMITED
930902047,8X8 UK LIMITED
930988936,8050 ERIKSEN
931390627,8009 INVEST AS
931474375,852YUMCHA AS
931754254,8 BY 8 INTERNATIONAL FASHION GROUP AS
931997327,8. MARS EIGERSUND
932022540,8 POINTS HOLDING AS
932540789,8BLOCKS AS
957513697,834 ABELHAUGEN DA
985994242,8 SKIEN GRUPPE AV NSF
988661252,88 INVEST AS
989228811,88 HOLDING AS
989513419,83/2 BELSHEIM VANG I VALDRES
990116938,811 INVEST AS
991055134,8 YARD SANDEN
991161465,808 M.O.H TRYM KRISTIAN BJØNNES
992765011,8 IN VEST AS
993370762,88 EIENDOM AS
994495658,8M CONSULTING AS
995667800,8 MOSS SPEIDERGRUPPE
